{"\ub3c4\uc11c": [16.627708748871328, 13.209646980769612, 11.362216003505885, 9.16390909161132, 15.749449440762639, 14.798901301867753, 18.946522120508632, 18.166758013037253, 16.883224677587155, 18.702129908733042, 15.007308162458045, 18.21996795657249, 15.72069738378815, 16.947861995407433, 17.56230939694783, 15.622422573634257, 18.513051011013953, 15.468092792349598], "\ud328\uc158": [27.747420991689705, 20.490315812145884, 16.155908549236052, 18.99161755712772, 19.313392604875254, 10.295161258789017, 9.229446156709148, 16.119535804760847, 13.746865102042513, 7.867632006538376, 11.613942666544737, 17.79577599086741, 14.613644407770796, 13.164402869366018, 20.370079308443543, 23.948102505140678, 20.64097712825612, 22.768170393188765], "\uacf5\uad6c": [28.75599591897995, 16.517780003947728, 13.855799334775892, 19.534466009483427, 20.283355809838017, 14.529482021775113, 15.197931793696881, 16.685933023604253, 17.13088049195246, 14.365595529882995, 14.796157982666477, 15.414518540890468, 15.274716143286911, 14.372545507495527, 14.3110514595502, 14.79070300214028, 14.429801423688266, 14.245940488163036], "\ub9ac\ube59": [21.45298986372157, 16.427470741645486, 23.72622792661534, 14.219462504272997, 18.136770057953363, 15.26090741341444, 17.78109450876861, 14.232100453100902, 18.50851220229517, 16.03347325140477, 18.374048834297092, 19.443352484724777, 19.617632900332165, 22.1427421269056, 21.47698447855828, 24.511224044480677, 22.94779095847703, 26.100200262126798], "\uc2dd\ud488": [32.69504453115271, 29.40217512575142, 32.496786408942626, 27.009051505044493, 29.073729562348475, 28.828066159069838, 24.82239089149575, 30.009205084452866, 24.010789062871815, 27.680569933501282, 26.739818979485644, 23.971457391390306, 28.92638405491438, 23.119751958317906, 27.407167015903706, 25.883474035038827, 23.91252065280639, 28.518483387789423], "\uc804\uc790\uae30\uae30": [11.80424764642444, 11.773297331601107, 11.884748900720354, 11.419443850916164, 10.376102991469342, 9.986896762282605, 11.02122172885358, 12.112698966707338, 11.899324082722968, 10.701666444508945, 10.07927596391509, 10.698502920082433, 11.707142867118055, 11.877109448264521, 11.11231578899548, 10.396187385499484, 10.553260835835593, 11.304578431453207]}